{"bias": -4.000000000000001, "weights": [0.36243453636632417, 1.7388243586349885, -0.5985411752263445, 0.13149713778438374]}